{
  "tile_size": 256,
  "quantization_levels": 32,
  "residual_jpeg_quality": 30,
  "dz_levels": {
    "L0": 16,
    "L1": 15,
    "L2": 14
  },
  "baseline_bytes_all_levels": 701276993,
  "retained_bytes_L2plus": 62128167,
  "residual_bytes_L1": 914276,
  "residual_bytes_L0": 3588961,
  "proposed_bytes": 66631404,
  "compression_ratio": 10.524721841370775,
  "savings_pct": 90.4985612439734,
  "generation_time_seconds": 6.460349798202515,
  "config_name": "q32_j30"
}