{
  "noise_floor_score": 0.627130524775184,
  "structure_jxl_bytes": 58691,
  "original_jxl_bytes": 92666,
  "compression_ratio": 0.6333606716595084,
  "reconstruction_psnr_db": 36.230736849228165,
  "full_residual_psnr_db": 78.01061513296814,
  "psnr_delta_db": 41.779878283739976,
  "reconstruction_ssim": 0.9267868003984219,
  "full_residual_ssim": 0.9999957648195937,
  "reconstruction_lpips": 0.2502889335155487,
  "full_residual_lpips": 0.022259792312979698,
  "prediction_lpips": 0.44307342171669006,
  "edge_correlation": 0.6627532188251399,
  "structure_energy": 2.310384750366211,
  "noise_energy": 3.11763858795166
}