{
  "noise_floor_score": 0.5257012208914195,
  "structure_jxl_bytes": 18403,
  "original_jxl_bytes": 92666,
  "compression_ratio": 0.1985949539205318,
  "reconstruction_psnr_db": 32.59389179178959,
  "full_residual_psnr_db": 78.01061513296814,
  "psnr_delta_db": 45.41672334117855,
  "reconstruction_ssim": 0.8621758575905729,
  "full_residual_ssim": 0.9999957648195937,
  "reconstruction_lpips": 0.4176804721355438,
  "full_residual_lpips": 0.022259792312979698,
  "prediction_lpips": 0.44307342171669006,
  "edge_correlation": 0.34971333863105947,
  "structure_energy": 0.7024154663085938,
  "noise_energy": 4.462932586669922
}