{
  "noise_floor_score": 0.5924729157030351,
  "structure_jxl_bytes": 53702,
  "original_jxl_bytes": 92666,
  "compression_ratio": 0.5795221548356463,
  "reconstruction_psnr_db": 34.20970830550945,
  "full_residual_psnr_db": 78.01061513296814,
  "psnr_delta_db": 43.80090682745869,
  "reconstruction_ssim": 0.8928165362238217,
  "full_residual_ssim": 0.9999957648195937,
  "reconstruction_lpips": 0.3055656850337982,
  "full_residual_lpips": 0.022259792312979698,
  "prediction_lpips": 0.44307342171669006,
  "edge_correlation": 0.4960394280661656,
  "noise_uniformity_cov": 0.30105188488960266,
  "structure_energy": 2.2683677673339844,
  "noise_energy": 3.8523216247558594,
  "synth_noise_mse": 31.922847747802734,
  "synth_noise_corr": -0.001023905171112863,
  "synth_noise_std_ratio": 0.5532582402229309,
  "synth_recon_ssim": 0.8584872995986549,
  "synth_recon_lpips": 0.11227776110172272,
  "synth_param_bytes": 14
}