{
  "wavelet": "db4",
  "level": 2,
  "sigma_multiplier": 0.25,
  "threshold": 4.837481098718077,
  "sigma_est": 3.6748240187370493,
  "seed": 42,
  "subband_sigmas": [
    [
      9.862171113489408,
      10.309115822653085,
      6.871336137162797
    ],
    [
      3.9552147960443773,
      4.161630292539029,
      1.6054024320046065
    ]
  ],
  "param_bytes": 14
}