{
  "noise_floor_score": 0.628870477043521,
  "structure_jxl_bytes": 59995,
  "original_jxl_bytes": 92666,
  "compression_ratio": 0.6474327153432758,
  "reconstruction_psnr_db": 36.2861797263718,
  "full_residual_psnr_db": 78.01061513296814,
  "psnr_delta_db": 41.72443540659634,
  "reconstruction_ssim": 0.9275932120967546,
  "full_residual_ssim": 0.9999957648195937,
  "reconstruction_lpips": 0.26885730028152466,
  "full_residual_lpips": 0.022259792312979698,
  "prediction_lpips": 0.44307342171669006,
  "edge_correlation": 0.6033836434144176,
  "noise_uniformity_cov": 0.16183319687843323,
  "structure_energy": 2.7571659088134766,
  "noise_energy": 3.015458106994629,
  "synth_noise_mse": 29.966480255126953,
  "synth_noise_corr": 0.001230479280053502,
  "synth_noise_std_ratio": 1.0115069150924683,
  "synth_recon_ssim": 0.8612741986903663,
  "synth_recon_lpips": 0.0716591477394104,
  "synth_param_bytes": 16
}