{
  "wavelet": "db4",
  "level": 2,
  "seed": 42,
  "approx_sigma": 1.8303110719980016,
  "subband_sigmas": [
    [
      7.1390570527477974,
      7.179139647296114,
      5.773113618956873
    ],
    [
      3.2948752404946378,
      3.3801529071748915,
      1.5237721259046624
    ]
  ],
  "param_bytes": 16
}