{
  "100": {
    "quality": 100,
    "jxl_size_bytes": 501750,
    "jxl_bpp": 3.8280487060546875,
    "residual_psnr_db": 99.0,
    "reconstruction_psnr_db": 78.01061513296814,
    "delta_noise_floor_score": null,
    "delta_edge_correlation": null,
    "delta_artifact_fft_8": null,
    "delta_artifact_fft_32": null,
    "delta_mean_abs": null,
    "cumulative_noise_floor_score": 0.35,
    "cumulative_edge_correlation": 0.0,
    "cumulative_mean_abs": 0.0
  },
  "95": {
    "quality": 95,
    "jxl_size_bytes": 264081,
    "jxl_bpp": 2.0147781372070312,
    "residual_psnr_db": 48.804073228624375,
    "reconstruction_psnr_db": 48.801191762365555,
    "delta_noise_floor_score": 0.5210374692337669,
    "delta_edge_correlation": 0.027944744004340407,
    "delta_artifact_fft_8": 1.005119145166755,
    "delta_artifact_fft_32": 1.0066013657525574,
    "delta_mean_abs": 0.658564567565918,
    "cumulative_noise_floor_score": 0.5210374692337669,
    "cumulative_edge_correlation": 0.027944744004340407,
    "cumulative_mean_abs": 0.658564567565918
  },
  "90": {
    "quality": 90,
    "jxl_size_bytes": 176652,
    "jxl_bpp": 1.347747802734375,
    "residual_psnr_db": 44.048281904934996,
    "reconstruction_psnr_db": 44.04762511661425,
    "delta_noise_floor_score": 0.5841790658979061,
    "delta_edge_correlation": 0.03434188441392229,
    "delta_artifact_fft_8": 0.9967954494555443,
    "delta_artifact_fft_32": 1.0043870104863486,
    "delta_mean_abs": 1.2612333297729492,
    "cumulative_noise_floor_score": 0.5908654699840827,
    "cumulative_edge_correlation": 0.035353042300267694,
    "cumulative_mean_abs": 1.2254581451416016
  },
  "80": {
    "quality": 80,
    "jxl_size_bytes": 92666,
    "jxl_bpp": 0.7069854736328125,
    "residual_psnr_db": 39.89527231592919,
    "reconstruction_psnr_db": 39.895304026424846,
    "delta_noise_floor_score": 0.6343666611937835,
    "delta_edge_correlation": 0.03514558602037763,
    "delta_artifact_fft_8": 0.9873473173042245,
    "delta_artifact_fft_32": 1.0020014317470514,
    "delta_mean_abs": 2.0303564071655273,
    "cumulative_noise_floor_score": 0.6509580547118283,
    "cumulative_edge_correlation": 0.030846285359350654,
    "cumulative_mean_abs": 2.0163469314575195
  },
  "70": {
    "quality": 70,
    "jxl_size_bytes": 57934,
    "jxl_bpp": 0.4420013427734375,
    "residual_psnr_db": 37.74709635255686,
    "reconstruction_psnr_db": 37.747093319339676,
    "delta_noise_floor_score": 0.5606220978939501,
    "delta_edge_correlation": 0.04123106193474768,
    "delta_artifact_fft_8": 1.0013930263484105,
    "delta_artifact_fft_32": 0.9832834354962616,
    "delta_mean_abs": 2.319917678833008,
    "cumulative_noise_floor_score": 0.6561918695404724,
    "cumulative_edge_correlation": 0.03838519817786771,
    "cumulative_mean_abs": 2.592026710510254
  },
  "60": {
    "quality": 60,
    "jxl_size_bytes": 39957,
    "jxl_bpp": 0.30484771728515625,
    "residual_psnr_db": 36.4734524327993,
    "reconstruction_psnr_db": 36.47350983759671,
    "delta_noise_floor_score": 0.4988034010025802,
    "delta_edge_correlation": 0.06382788108274613,
    "delta_artifact_fft_8": 1.0161220713367152,
    "delta_artifact_fft_32": 1.0152044003190779,
    "delta_mean_abs": 2.3084850311279297,
    "cumulative_noise_floor_score": 0.6444355462029392,
    "cumulative_edge_correlation": 0.05136620846885586,
    "cumulative_mean_abs": 3.003129005432129
  },
  "50": {
    "quality": 50,
    "jxl_size_bytes": 28812,
    "jxl_bpp": 0.219818115234375,
    "residual_psnr_db": 35.49247464718762,
    "reconstruction_psnr_db": 35.49267544156529,
    "delta_noise_floor_score": 0.43085743256710735,
    "delta_edge_correlation": 0.07336861950945814,
    "delta_artifact_fft_8": 0.9814847586281441,
    "delta_artifact_fft_32": 0.9938944941016865,
    "delta_mean_abs": 2.3338212966918945,
    "cumulative_noise_floor_score": 0.6335206102537125,
    "cumulative_edge_correlation": 0.06134623412675413,
    "cumulative_mean_abs": 3.360586166381836
  },
  "40": {
    "quality": 40,
    "jxl_size_bytes": 21608,
    "jxl_bpp": 0.16485595703125,
    "residual_psnr_db": 34.793862618037274,
    "reconstruction_psnr_db": 34.79399381312141,
    "delta_noise_floor_score": 0.3943895755295951,
    "delta_edge_correlation": 0.07170989464139137,
    "delta_artifact_fft_8": 1.021071280940682,
    "delta_artifact_fft_32": 0.9971388064797125,
    "delta_mean_abs": 2.4023847579956055,
    "cumulative_noise_floor_score": 0.625367518090221,
    "cumulative_edge_correlation": 0.07354316757384248,
    "cumulative_mean_abs": 3.6300764083862305
  },
  "30": {
    "quality": 30,
    "jxl_size_bytes": 16838,
    "jxl_bpp": 0.1284637451171875,
    "residual_psnr_db": 34.242027229401074,
    "reconstruction_psnr_db": 34.24215765644745,
    "delta_noise_floor_score": 0.34238084463898183,
    "delta_edge_correlation": 0.09007438252214489,
    "delta_artifact_fft_8": 1.0199172162281551,
    "delta_artifact_fft_32": 0.9951315628646171,
    "delta_mean_abs": 2.2858657836914062,
    "cumulative_noise_floor_score": 0.6142053762464614,
    "cumulative_edge_correlation": 0.0861891333810571,
    "cumulative_mean_abs": 3.853814125061035
  },
  "20": {
    "quality": 20,
    "jxl_size_bytes": 9009,
    "jxl_bpp": 0.06873321533203125,
    "residual_psnr_db": 33.10609999467946,
    "reconstruction_psnr_db": 33.10621303657045,
    "delta_noise_floor_score": 0.30577717079968236,
    "delta_edge_correlation": 0.13188241463352546,
    "delta_artifact_fft_8": 1.0007519415243769,
    "delta_artifact_fft_32": 0.9961214918701364,
    "delta_mean_abs": 2.578125,
    "cumulative_noise_floor_score": 0.5691652479334047,
    "cumulative_edge_correlation": 0.11572599921118738,
    "cumulative_mean_abs": 4.3230695724487305
  },
  "10": {
    "quality": 10,
    "jxl_size_bytes": 2528,
    "jxl_bpp": 0.019287109375,
    "residual_psnr_db": 32.064690190793634,
    "reconstruction_psnr_db": 32.06473189400994,
    "delta_noise_floor_score": 0.21887085422108446,
    "delta_edge_correlation": 0.15677251117710062,
    "delta_artifact_fft_8": 1.0315897131352034,
    "delta_artifact_fft_32": 1.0046921480760689,
    "delta_mean_abs": 2.188692092895508,
    "cumulative_noise_floor_score": 0.5244020204453708,
    "cumulative_edge_correlation": 0.14919672340247989,
    "cumulative_mean_abs": 4.758196830749512
  }
}