{
  "noise_floor_score": 0.6395486541204415,
  "structure_jxl_bytes": 65944,
  "original_jxl_bytes": 92666,
  "compression_ratio": 0.7116310189281937,
  "reconstruction_psnr_db": 37.54444057135872,
  "full_residual_psnr_db": 78.01061513296814,
  "psnr_delta_db": 40.46617456160942,
  "reconstruction_ssim": 0.945019409905216,
  "full_residual_ssim": 0.9999957648195937,
  "reconstruction_lpips": 0.22029581665992737,
  "full_residual_lpips": 0.022259792312979698,
  "prediction_lpips": 0.44307342171669006,
  "edge_correlation": 0.6356996374408881,
  "noise_uniformity_cov": 0.12480700016021729,
  "structure_energy": 3.0646142959594727,
  "noise_energy": 2.5994787216186523,
  "synth_noise_mse": 22.15835952758789,
  "synth_noise_corr": 0.0008927324693486693,
  "synth_noise_std_ratio": 1.0098440647125244,
  "synth_recon_ssim": 0.8938427448521852,
  "synth_recon_lpips": 0.06174749881029129,
  "synth_param_bytes": 16
}