{
  "wavelet": "db4",
  "level": 2,
  "seed": 42,
  "approx_sigma": 1.4245535457477485,
  "subband_sigmas": [
    [
      5.797807221573395,
      5.821724379536005,
      5.007242389697278
    ],
    [
      2.9625487504147356,
      3.009369537631359,
      1.428312735018426
    ]
  ],
  "param_bytes": 16
}