{
  "100": {
    "quality": 100,
    "jxl_size_bytes": 501750,
    "jxl_bpp": 3.8280487060546875,
    "residual_psnr_db": 99.0,
    "reconstruction_psnr_db": 78.01061513296814,
    "delta_noise_floor_score": null,
    "delta_edge_correlation": null,
    "delta_artifact_fft_8": null,
    "delta_artifact_fft_32": null,
    "delta_mean_abs": null
  },
  "95": {
    "quality": 95,
    "jxl_size_bytes": 266732,
    "jxl_bpp": 2.035003662109375,
    "residual_psnr_db": 48.40576174419513,
    "reconstruction_psnr_db": 48.40290782423813,
    "delta_noise_floor_score": 0.5259574466193636,
    "delta_edge_correlation": 0.030767286551649176,
    "delta_artifact_fft_8": 1.0126453389110466,
    "delta_artifact_fft_32": 1.0006857559984461,
    "delta_mean_abs": 0.6935663223266602
  },
  "90": {
    "quality": 90,
    "jxl_size_bytes": 175277,
    "jxl_bpp": 1.3372573852539062,
    "residual_psnr_db": 43.452526722005786,
    "reconstruction_psnr_db": 43.45224887287468,
    "delta_noise_floor_score": 0.613985299824258,
    "delta_edge_correlation": 0.034882919472900446,
    "delta_artifact_fft_8": 0.9992343302772364,
    "delta_artifact_fft_32": 1.0012261001739544,
    "delta_mean_abs": 1.3281745910644531
  },
  "80": {
    "quality": 80,
    "jxl_size_bytes": 102039,
    "jxl_bpp": 0.7784957885742188,
    "residual_psnr_db": 40.140393570005834,
    "reconstruction_psnr_db": 40.14086266022563,
    "delta_noise_floor_score": 0.6239426574292494,
    "delta_edge_correlation": 0.02773051570873266,
    "delta_artifact_fft_8": 0.9933130630554757,
    "delta_artifact_fft_32": 1.0014453133148542,
    "delta_mean_abs": 1.9056158065795898
  },
  "70": {
    "quality": 70,
    "jxl_size_bytes": 69733,
    "jxl_bpp": 0.5320205688476562,
    "residual_psnr_db": 38.30118676927932,
    "reconstruction_psnr_db": 38.30170929736803,
    "delta_noise_floor_score": 0.546021736473399,
    "delta_edge_correlation": 0.02141228685022428,
    "delta_artifact_fft_8": 1.0061721284098029,
    "delta_artifact_fft_32": 0.9760016676265859,
    "delta_mean_abs": 2.1108474731445312
  },
  "60": {
    "quality": 60,
    "jxl_size_bytes": 51467,
    "jxl_bpp": 0.39266204833984375,
    "residual_psnr_db": 37.14192515044312,
    "reconstruction_psnr_db": 37.14242059065946,
    "delta_noise_floor_score": 0.4947019497024424,
    "delta_edge_correlation": 0.027705076196790097,
    "delta_artifact_fft_8": 0.9920421546236563,
    "delta_artifact_fft_32": 0.9886965767091878,
    "delta_mean_abs": 2.168498992919922
  },
  "50": {
    "quality": 50,
    "jxl_size_bytes": 40463,
    "jxl_bpp": 0.30870819091796875,
    "residual_psnr_db": 36.3594079212444,
    "reconstruction_psnr_db": 36.36008117640832,
    "delta_noise_floor_score": 0.45761838440261654,
    "delta_edge_correlation": 0.038013405526215835,
    "delta_artifact_fft_8": 0.9985224119553667,
    "delta_artifact_fft_32": 0.9855137546860907,
    "delta_mean_abs": 2.1178321838378906
  },
  "40": {
    "quality": 40,
    "jxl_size_bytes": 32559,
    "jxl_bpp": 0.24840545654296875,
    "residual_psnr_db": 35.74496923462498,
    "reconstruction_psnr_db": 35.74584064534588,
    "delta_noise_floor_score": 0.4188798962753827,
    "delta_edge_correlation": 0.03880605057111013,
    "delta_artifact_fft_8": 0.999356842388181,
    "delta_artifact_fft_32": 1.0093635017537455,
    "delta_mean_abs": 2.124361991882324
  },
  "30": {
    "quality": 30,
    "jxl_size_bytes": 26656,
    "jxl_bpp": 0.203369140625,
    "residual_psnr_db": 35.21588748026996,
    "reconstruction_psnr_db": 35.21652279737178,
    "delta_noise_floor_score": 0.38818126774540174,
    "delta_edge_correlation": 0.03752291282100179,
    "delta_artifact_fft_8": 0.9799008463937982,
    "delta_artifact_fft_32": 1.0084328295758689,
    "delta_mean_abs": 2.1816368103027344
  },
  "20": {
    "quality": 20,
    "jxl_size_bytes": 15036,
    "jxl_bpp": 0.114715576171875,
    "residual_psnr_db": 33.93569595455604,
    "reconstruction_psnr_db": 33.93626996925277,
    "delta_noise_floor_score": 0.41770977072118964,
    "delta_edge_correlation": 0.06161316262039666,
    "delta_artifact_fft_8": 1.011908550142896,
    "delta_artifact_fft_32": 1.0215393984060253,
    "delta_mean_abs": 3.043071746826172
  },
  "10": {
    "quality": 10,
    "jxl_size_bytes": 4358,
    "jxl_bpp": 0.0332489013671875,
    "residual_psnr_db": 32.55445306549571,
    "reconstruction_psnr_db": 32.55477801222161,
    "delta_noise_floor_score": 0.35607849196768815,
    "delta_edge_correlation": 0.09043941016368978,
    "delta_artifact_fft_8": 1.041295614376371,
    "delta_artifact_fft_32": 1.0070357496812123,
    "delta_mean_abs": 3.2507667541503906
  }
}