{
  "noise_floor_score": 0.6398669826812995,
  "structure_jxl_bytes": 70818,
  "original_jxl_bytes": 92666,
  "compression_ratio": 0.7642285196296377,
  "reconstruction_psnr_db": 38.79334559650059,
  "full_residual_psnr_db": 78.01061513296814,
  "psnr_delta_db": 39.21726953646755,
  "reconstruction_ssim": 0.9589820833496684,
  "full_residual_ssim": 0.9999957648195937,
  "reconstruction_lpips": 0.16929063200950623,
  "full_residual_lpips": 0.022259792312979698,
  "prediction_lpips": 0.44307342171669006,
  "edge_correlation": 0.6652424252733812,
  "noise_uniformity_cov": 0.0997878685593605,
  "structure_energy": 3.290186882019043,
  "noise_energy": 2.24092960357666,
  "synth_noise_mse": 16.35706901550293,
  "synth_noise_corr": 0.0013422714723814028,
  "synth_noise_std_ratio": 1.0079625844955444,
  "synth_recon_ssim": 0.9200923665281558,
  "synth_recon_lpips": 0.05851757526397705,
  "synth_param_bytes": 16
}