{
  "wavelet": "db4",
  "level": 2,
  "seed": 42,
  "approx_sigma": 0.8902106868594969,
  "subband_sigmas": [
    [
      4.532723358627956,
      4.573777074554384,
      4.113700884375939
    ],
    [
      2.7272996337475908,
      2.7547009567300913,
      1.3983406121559683
    ]
  ],
  "param_bytes": 16
}