{
  "noise_floor_score": 0.6309958180823925,
  "structure_jxl_bytes": 60064,
  "original_jxl_bytes": 92666,
  "compression_ratio": 0.6481773250167268,
  "reconstruction_psnr_db": 36.00347728577456,
  "full_residual_psnr_db": 78.01061513296814,
  "psnr_delta_db": 42.00713784719358,
  "reconstruction_ssim": 0.9233038162272069,
  "full_residual_ssim": 0.9999957648195937,
  "reconstruction_lpips": 0.26493072509765625,
  "full_residual_lpips": 0.022259792312979698,
  "prediction_lpips": 0.44307342171669006,
  "edge_correlation": 0.5966418463178266,
  "noise_uniformity_cov": 0.17369361221790314,
  "structure_energy": 2.715388298034668,
  "noise_energy": 3.1264686584472656
}