{
  "noise_floor_score": 0.5133920661282592,
  "structure_jxl_bytes": 2276,
  "original_jxl_bytes": 92666,
  "compression_ratio": 0.02456132777933654,
  "reconstruction_psnr_db": 32.00357250768136,
  "full_residual_psnr_db": 78.01061513296814,
  "psnr_delta_db": 46.00704262528678,
  "reconstruction_ssim": 0.8482819610278955,
  "full_residual_ssim": 0.9999957648195937,
  "reconstruction_lpips": 0.4348334074020386,
  "full_residual_lpips": 0.022259792312979698,
  "prediction_lpips": 0.44307342171669006,
  "edge_correlation": 0.1011676793598303,
  "structure_energy": 0.056746482849121094,
  "noise_energy": 4.759648323059082
}