{
  "tile_size": 256,
  "quantization_levels": 16,
  "residual_jpeg_quality": 90,
  "dz_levels": {
    "L0": 16,
    "L1": 15,
    "L2": 14
  },
  "baseline_bytes_all_levels": 701276993,
  "retained_bytes_L2plus": 62128167,
  "residual_bytes_L1": 7081200,
  "residual_bytes_L0": 24452914,
  "proposed_bytes": 93662281,
  "compression_ratio": 7.487293556303631,
  "savings_pct": 86.64403909797166
}