{
  "noise_floor_score": 0.5679836686946457,
  "structure_jxl_bytes": 48706,
  "original_jxl_bytes": 92666,
  "compression_ratio": 0.5256080978999849,
  "reconstruction_psnr_db": 33.54863619080268,
  "full_residual_psnr_db": 78.01061513296814,
  "psnr_delta_db": 44.46197894216546,
  "reconstruction_ssim": 0.8822152274164298,
  "full_residual_ssim": 0.9999957648195937,
  "reconstruction_lpips": 0.33109188079833984,
  "full_residual_lpips": 0.022259792312979698,
  "prediction_lpips": 0.44307342171669006,
  "edge_correlation": 0.4325610100884862,
  "noise_uniformity_cov": 0.37252750992774963,
  "structure_energy": 2.1112804412841797,
  "noise_energy": 4.102315902709961,
  "synth_noise_mse": 36.11974334716797,
  "synth_noise_corr": -0.001417618109223426,
  "synth_noise_std_ratio": 0.5166292786598206,
  "synth_recon_ssim": 0.8476404021691433,
  "synth_recon_lpips": 0.12590879201889038,
  "synth_param_bytes": 14
}