{
  "wavelet": "db4",
  "level": 2,
  "sigma_multiplier": 0.25,
  "threshold": 4.837481098718077,
  "sigma_est": 3.6748240187370493,
  "seed": 42,
  "subband_sigmas": [
    [
      11.323569855537079,
      11.882412015147647,
      7.02317102061913
    ],
    [
      3.960592513183106,
      4.166845097104261,
      1.6087438885030603
    ]
  ],
  "param_bytes": 14
}