{
  "noise_floor_score": 0.5625459696618761,
  "structure_jxl_bytes": 55492,
  "original_jxl_bytes": 92666,
  "compression_ratio": 0.5988388405671983,
  "reconstruction_psnr_db": 35.8666599183123,
  "full_residual_psnr_db": 78.01061513296814,
  "psnr_delta_db": 42.14395521465584,
  "reconstruction_ssim": 0.9290672832170963,
  "full_residual_ssim": 0.9999957648195937,
  "reconstruction_lpips": 0.2144855409860611,
  "full_residual_lpips": 0.022259792312979698,
  "prediction_lpips": 0.44307342171669006,
  "edge_correlation": 0.7706286707648046,
  "structure_energy": 1.651820182800293,
  "noise_energy": 3.1045665740966797
}