{
  "noise_floor_score": 0.5604181107256574,
  "structure_jxl_bytes": 21004,
  "original_jxl_bytes": 92666,
  "compression_ratio": 0.22666350117626746,
  "reconstruction_psnr_db": 33.09987889468196,
  "full_residual_psnr_db": 78.01061513296814,
  "psnr_delta_db": 44.910736238286184,
  "reconstruction_ssim": 0.8665263258043651,
  "full_residual_ssim": 0.9999957648195937,
  "reconstruction_lpips": 0.37442344427108765,
  "full_residual_lpips": 0.022259792312979698,
  "prediction_lpips": 0.44307342171669006,
  "edge_correlation": 0.6091149407094507,
  "structure_energy": 0.41956424713134766,
  "noise_energy": 4.336663246154785
}