{
  "families": [],
  "summary": {
    "L0": {
      "tile_count": 96,
      "psnr_mean": 25.13494851378384,
      "psnr_min": 7.964046015503592,
      "psnr_max": 52.951534574021906,
      "ssim_mean": 0.6097397746537049,
      "ssim_min": 0.0821696678400473,
      "ssim_max": 0.9984951394661388
    },
    "L1": {
      "tile_count": 24,
      "psnr_mean": 23.370066260022515,
      "psnr_min": 9.108986434241,
      "psnr_max": 47.058207620259196,
      "ssim_mean": 0.5503839947517953,
      "ssim_min": 0.09318109844381793,
      "ssim_max": 0.9974213810005982
    }
  }
}