{
  "noise_floor_score": 0.643305561078052,
  "structure_jxl_bytes": 65331,
  "original_jxl_bytes": 92666,
  "compression_ratio": 0.7050158634234779,
  "reconstruction_psnr_db": 37.28448672173816,
  "full_residual_psnr_db": 78.01061513296814,
  "psnr_delta_db": 40.72612841122998,
  "reconstruction_ssim": 0.9416782153496948,
  "full_residual_ssim": 0.9999957648195937,
  "reconstruction_lpips": 0.22109797596931458,
  "full_residual_lpips": 0.022259792312979698,
  "prediction_lpips": 0.44307342171669006,
  "edge_correlation": 0.6346196515772319,
  "noise_uniformity_cov": 0.13013878464698792,
  "structure_energy": 2.9963550567626953,
  "noise_energy": 2.6906490325927734,
  "synth_noise_mse": 23.548320770263672,
  "synth_noise_corr": 0.0013907355262071505,
  "synth_noise_std_ratio": 1.0075886249542236,
  "synth_recon_ssim": 0.8877884414276024,
  "synth_recon_lpips": 0.0633528009057045,
  "synth_param_bytes": 16
}