{
  "wavelet": "db4",
  "level": 2,
  "seed": 42,
  "approx_sigma": 1.1328226448167977,
  "subband_sigmas": [
    [
      5.791227169211789,
      5.858282100580541,
      5.0174746943448705
    ],
    [
      3.1650842314155616,
      3.229975683139492,
      1.493844245816715
    ]
  ],
  "param_bytes": 16
}