{
  "noise_floor_score": 0.5482417043259279,
  "structure_jxl_bytes": 30965,
  "original_jxl_bytes": 92666,
  "compression_ratio": 0.3341570802667645,
  "reconstruction_psnr_db": 33.58951116878233,
  "full_residual_psnr_db": 78.01061513296814,
  "psnr_delta_db": 44.42110396418581,
  "reconstruction_ssim": 0.8818933390616903,
  "full_residual_ssim": 0.9999957648195937,
  "reconstruction_lpips": 0.3877022862434387,
  "full_residual_lpips": 0.022259792312979698,
  "prediction_lpips": 0.44307342171669006,
  "edge_correlation": 0.4416271882485787,
  "structure_energy": 1.2150154113769531,
  "noise_energy": 4.023164749145508
}