{
  "tile_size": 256,
  "quantization_levels": 16,
  "residual_jpeg_quality": 30,
  "dz_levels": {
    "L0": 16,
    "L1": 15,
    "L2": 14
  },
  "baseline_bytes_all_levels": 701276993,
  "retained_bytes_L2plus": 62128167,
  "residual_bytes_L1": 1815842,
  "residual_bytes_L0": 6524048,
  "proposed_bytes": 70468057,
  "compression_ratio": 9.951700427897423,
  "savings_pct": 89.95146601080637
}