{
  "noise_floor_score": 0.5775424903586682,
  "structure_jxl_bytes": 30422,
  "original_jxl_bytes": 92666,
  "compression_ratio": 0.3282973258800423,
  "reconstruction_psnr_db": 33.55612175667512,
  "full_residual_psnr_db": 78.01061513296814,
  "psnr_delta_db": 44.45449337629302,
  "reconstruction_ssim": 0.8774303581046035,
  "full_residual_ssim": 0.9999957648195937,
  "reconstruction_lpips": 0.3600207567214966,
  "full_residual_lpips": 0.022259792312979698,
  "prediction_lpips": 0.44307342171669006,
  "edge_correlation": 0.6108186830461554,
  "structure_energy": 1.00250244140625,
  "noise_energy": 4.166403770446777
}