{
  "noise_floor_score": 0.5132546180828541,
  "structure_jxl_bytes": 2375,
  "original_jxl_bytes": 92666,
  "compression_ratio": 0.025629680789070425,
  "reconstruction_psnr_db": 32.00409528152582,
  "full_residual_psnr_db": 78.01061513296814,
  "psnr_delta_db": 46.00651985144232,
  "reconstruction_ssim": 0.8483056911520118,
  "full_residual_ssim": 0.9999957648195937,
  "reconstruction_lpips": 0.4347898066043854,
  "full_residual_lpips": 0.022259792312979698,
  "prediction_lpips": 0.44307342171669006,
  "edge_correlation": 0.1016685229997417,
  "structure_energy": 0.059258460998535156,
  "noise_energy": 4.759432792663574
}