{
  "noise_floor_score": 0.629637086174247,
  "structure_jxl_bytes": 63403,
  "original_jxl_bytes": 92666,
  "compression_ratio": 0.6842099583450241,
  "reconstruction_psnr_db": 35.90730905039257,
  "full_residual_psnr_db": 78.01061513296814,
  "psnr_delta_db": 42.10330608257557,
  "reconstruction_ssim": 0.9208710522683214,
  "full_residual_ssim": 0.9999957648195937,
  "reconstruction_lpips": 0.24130302667617798,
  "full_residual_lpips": 0.022259792312979698,
  "prediction_lpips": 0.44307342171669006,
  "edge_correlation": 0.5773166125169974,
  "noise_uniformity_cov": 0.19082331657409668,
  "structure_energy": 2.7137231826782227,
  "noise_energy": 3.2127161026000977,
  "synth_noise_mse": 23.372928619384766,
  "synth_noise_corr": -0.0006811529338658643,
  "synth_noise_std_ratio": 0.6488256454467773,
  "synth_recon_ssim": 0.8880547977255219,
  "synth_recon_lpips": 0.08848836272954941,
  "synth_param_bytes": 14
}