{
  "wavelet": "db4",
  "level": 2,
  "sigma_multiplier": 0.25,
  "threshold": 4.837481098718077,
  "sigma_est": 3.6748240187370493,
  "seed": 42,
  "subband_sigmas": [
    [
      6.8654658615959905,
      7.0694650688948855,
      5.755422606443576
    ],
    [
      3.837638793312621,
      3.990177652350031,
      1.600622946612899
    ]
  ],
  "param_bytes": 14
}