{
  "noise_floor_score": 0.6207120514853669,
  "structure_jxl_bytes": 56379,
  "original_jxl_bytes": 92666,
  "compression_ratio": 0.6084108518766322,
  "reconstruction_psnr_db": 36.26347082515852,
  "full_residual_psnr_db": 78.01061513296814,
  "psnr_delta_db": 41.74714430780962,
  "reconstruction_ssim": 0.9285902912211099,
  "full_residual_ssim": 0.9999957648195937,
  "reconstruction_lpips": 0.24716275930404663,
  "full_residual_lpips": 0.022259792312979698,
  "prediction_lpips": 0.44307342171669006,
  "edge_correlation": 0.7125642523849848,
  "structure_energy": 2.070317268371582,
  "noise_energy": 3.108248710632324
}