{
  "noise_floor_score": 0.5271134195849625,
  "structure_jxl_bytes": 4188,
  "original_jxl_bytes": 92666,
  "compression_ratio": 0.04519456974510608,
  "reconstruction_psnr_db": 32.18204745932243,
  "full_residual_psnr_db": 78.01061513296814,
  "psnr_delta_db": 45.82856767364571,
  "reconstruction_ssim": 0.8495926596479644,
  "full_residual_ssim": 0.9999957648195937,
  "reconstruction_lpips": 0.42836514115333557,
  "full_residual_lpips": 0.022259792312979698,
  "prediction_lpips": 0.44307342171669006,
  "edge_correlation": 0.34061689022997327,
  "structure_energy": 0.04978656768798828,
  "noise_energy": 4.713724136352539
}