{
  "noise_floor_score": 0.6322974692171698,
  "structure_jxl_bytes": 65656,
  "original_jxl_bytes": 92666,
  "compression_ratio": 0.708523082899877,
  "reconstruction_psnr_db": 37.55682535480986,
  "full_residual_psnr_db": 78.01061513296814,
  "psnr_delta_db": 40.45378977815828,
  "reconstruction_ssim": 0.9452494203390366,
  "full_residual_ssim": 0.9999957648195937,
  "reconstruction_lpips": 0.2198878526687622,
  "full_residual_lpips": 0.022259792312979698,
  "prediction_lpips": 0.44307342171669006,
  "edge_correlation": 0.6313311356214888,
  "noise_uniformity_cov": 0.13042929768562317,
  "structure_energy": 3.086488723754883,
  "noise_energy": 2.589763641357422,
  "synth_noise_mse": 22.073413848876953,
  "synth_noise_corr": 0.00018538016631007004,
  "synth_noise_std_ratio": 1.0081405639648438,
  "synth_recon_ssim": 0.8945405992507974,
  "synth_recon_lpips": 0.06303368508815765,
  "synth_param_bytes": 16
}