{
  "wavelet": "db4",
  "level": 2,
  "seed": 42,
  "approx_sigma": 2.664500890806043,
  "subband_sigmas": [
    [
      5.430384122343882,
      5.443411915777866,
      4.667852885292553
    ],
    [
      3.063635590552082,
      3.1225285041909654,
      1.4600230726766548
    ]
  ],
  "param_bytes": 16
}