{
  "wavelet": "db4",
  "level": 2,
  "seed": 42,
  "approx_sigma": 1.4508266411032504,
  "subband_sigmas": [
    [
      7.249859564818747,
      7.356308557883059,
      5.888589934755925
    ],
    [
      3.4868381243598274,
      3.5971435475785323,
      1.5586121386924014
    ]
  ],
  "param_bytes": 16
}