{
  "noise_floor_score": 0.6217637787172479,
  "structure_jxl_bytes": 59426,
  "original_jxl_bytes": 92666,
  "compression_ratio": 0.6412923833984417,
  "reconstruction_psnr_db": 36.37194084213392,
  "full_residual_psnr_db": 78.01061513296814,
  "psnr_delta_db": 41.638674290834224,
  "reconstruction_ssim": 0.9289391187919239,
  "full_residual_ssim": 0.9999957648195937,
  "reconstruction_lpips": 0.27150729298591614,
  "full_residual_lpips": 0.022259792312979698,
  "prediction_lpips": 0.44307342171669006,
  "edge_correlation": 0.5996889736533152,
  "noise_uniformity_cov": 0.16564112901687622,
  "structure_energy": 2.7901182174682617,
  "noise_energy": 2.978083610534668,
  "synth_noise_mse": 29.321460723876953,
  "synth_noise_corr": 0.00041599841216513443,
  "synth_noise_std_ratio": 1.0096640586853027,
  "synth_recon_ssim": 0.8641776179903408,
  "synth_recon_lpips": 0.07209659367799759,
  "synth_param_bytes": 16
}