{
  "wavelet": "db4",
  "level": 2,
  "seed": 42,
  "approx_sigma": 3.4327254828869473,
  "subband_sigmas": [
    [
      6.614160563669297,
      6.627392523627426,
      5.359697215880171
    ],
    [
      3.380474607230112,
      3.482266407284547,
      1.540116065731369
    ]
  ],
  "param_bytes": 16
}