{
  "noise_floor_score": 0.6420797272634853,
  "structure_jxl_bytes": 73602,
  "original_jxl_bytes": 92666,
  "compression_ratio": 0.7942719012366996,
  "reconstruction_psnr_db": 38.674743175249134,
  "full_residual_psnr_db": 78.01061513296814,
  "psnr_delta_db": 39.33587195771901,
  "reconstruction_ssim": 0.9565036075908347,
  "full_residual_ssim": 0.9999957648195937,
  "reconstruction_lpips": 0.14812345802783966,
  "full_residual_lpips": 0.022259792312979698,
  "prediction_lpips": 0.44307342171669006,
  "edge_correlation": 0.6509905740085775,
  "noise_uniformity_cov": 0.11590279638767242,
  "structure_energy": 3.3148107528686523,
  "noise_energy": 2.3526792526245117,
  "synth_noise_mse": 13.919331550598145,
  "synth_noise_corr": -0.0006767461609431548,
  "synth_noise_std_ratio": 0.7888286113739014,
  "synth_recon_ssim": 0.9300386215388239,
  "synth_recon_lpips": 0.06671647727489471,
  "synth_param_bytes": 14
}