{
  "wavelet": "db4",
  "level": 2,
  "sigma_multiplier": 0.25,
  "threshold": 4.837481098718077,
  "sigma_est": 3.6748240187370493,
  "seed": 42,
  "subband_sigmas": [
    [
      4.112621810859198,
      4.176824802363948,
      3.8053246696076566
    ],
    [
      3.1017049571854867,
      3.1515493396261025,
      1.570107722751899
    ]
  ],
  "param_bytes": 14
}