{
  "noise_floor_score": 0.6077349044034597,
  "structure_jxl_bytes": 57657,
  "original_jxl_bytes": 92666,
  "compression_ratio": 0.6222023180022878,
  "reconstruction_psnr_db": 34.81697210554115,
  "full_residual_psnr_db": 78.01061513296814,
  "psnr_delta_db": 43.193643027426994,
  "reconstruction_ssim": 0.9029971095899556,
  "full_residual_ssim": 0.9999957648195937,
  "reconstruction_lpips": 0.2828510105609894,
  "full_residual_lpips": 0.022259792312979698,
  "prediction_lpips": 0.44307342171669006,
  "edge_correlation": 0.532294810023278,
  "noise_uniformity_cov": 0.25126969814300537,
  "structure_energy": 2.4273681640625,
  "noise_energy": 3.616741180419922,
  "synth_noise_mse": 28.544612884521484,
  "synth_noise_corr": -0.0007883647767708324,
  "synth_noise_std_ratio": 0.587749719619751,
  "synth_recon_ssim": 0.8690086600141503,
  "synth_recon_lpips": 0.10229985415935516,
  "synth_param_bytes": 14
}