{
  "wavelet": "db4",
  "level": 2,
  "sigma_multiplier": 0.25,
  "threshold": 4.837481098718077,
  "sigma_est": 3.6748240187370493,
  "seed": 42,
  "subband_sigmas": [
    [
      8.659421687389347,
      9.003285612710078,
      6.570801850290032
    ],
    [
      3.9411888343420824,
      4.137395129431763,
      1.6039916000288854
    ]
  ],
  "param_bytes": 14
}