{
  "tile_size": 256,
  "quantization_levels": 32,
  "residual_jpeg_quality": 60,
  "dz_levels": {
    "L0": 16,
    "L1": 15,
    "L2": 14
  },
  "baseline_bytes_all_levels": 701276993,
  "retained_bytes_L2plus": 62128167,
  "residual_bytes_L1": 1906278,
  "residual_bytes_L0": 7151098,
  "proposed_bytes": 71185543,
  "compression_ratio": 9.851396272976382,
  "savings_pct": 89.8491546549282
}