{
  "wavelet": "db4",
  "level": 2,
  "seed": 42,
  "approx_sigma": 2.1815741648403684,
  "subband_sigmas": [
    [
      10.112366815081295,
      10.293352583071535,
      6.844357595444584
    ],
    [
      3.7751973939249854,
      3.934727182915985,
      1.606103731702976
    ]
  ],
  "param_bytes": 16
}