{
  "tile_size": 256,
  "quantization_levels": 64,
  "residual_jpeg_quality": 30,
  "dz_levels": {
    "L0": 16,
    "L1": 15,
    "L2": 14
  },
  "baseline_bytes_all_levels": 701276993,
  "retained_bytes_L2plus": 62128167,
  "residual_bytes_L1": 405632,
  "residual_bytes_L0": 1840704,
  "proposed_bytes": 64374503,
  "compression_ratio": 10.8937072958839,
  "savings_pct": 90.82038857076836
}