{
  "quality": 95,
  "jxl_size_bytes": 266732,
  "jxl_bpp": 2.035003662109375,
  "residual_psnr_db": 48.40576174419513,
  "reconstruction_psnr_db": 48.40290782423813,
  "delta_noise_floor_score": 0.5259574466193636,
  "delta_edge_correlation": 0.030767286551649176,
  "delta_artifact_fft_8": 1.0126453389110466,
  "delta_artifact_fft_32": 1.0006857559984461,
  "delta_mean_abs": 0.6935663223266602
}