{
  "noise_floor_score": 0.5535095111388023,
  "structure_jxl_bytes": 45894,
  "original_jxl_bytes": 92666,
  "compression_ratio": 0.4952625558457255,
  "reconstruction_psnr_db": 33.22155226940991,
  "full_residual_psnr_db": 78.01061513296814,
  "psnr_delta_db": 44.78906286355823,
  "reconstruction_ssim": 0.8774782291678841,
  "full_residual_ssim": 0.9999957648195937,
  "reconstruction_lpips": 0.3440725803375244,
  "full_residual_lpips": 0.022259792312979698,
  "prediction_lpips": 0.44307342171669006,
  "edge_correlation": 0.38139888266997446,
  "noise_uniformity_cov": 0.41656428575515747,
  "structure_energy": 2.0474443435668945,
  "noise_energy": 4.216469764709473,
  "synth_noise_mse": 38.42448425292969,
  "synth_noise_corr": -0.0014489778620236933,
  "synth_noise_std_ratio": 0.4991419017314911,
  "synth_recon_ssim": 0.842787941641752,
  "synth_recon_lpips": 0.13368692994117737,
  "synth_param_bytes": 14
}