{
  "wavelet": "db4",
  "level": 2,
  "sigma_multiplier": 0.25,
  "threshold": 4.837481098718077,
  "sigma_est": 3.6748240187370493,
  "seed": 42,
  "subband_sigmas": [
    [
      12.120154106839614,
      12.713413651742107,
      7.051115880125884
    ],
    [
      3.964670739051862,
      4.167903110115972,
      1.6123890826453198
    ]
  ],
  "param_bytes": 14
}