{
  "noise_floor_score": 0.6423428038020473,
  "structure_jxl_bytes": 68824,
  "original_jxl_bytes": 92666,
  "compression_ratio": 0.7427103792113612,
  "reconstruction_psnr_db": 37.168564991515176,
  "full_residual_psnr_db": 78.01061513296814,
  "psnr_delta_db": 40.842050141452965,
  "reconstruction_ssim": 0.9391410452020839,
  "full_residual_ssim": 0.9999957648195937,
  "reconstruction_lpips": 0.1958092749118805,
  "full_residual_lpips": 0.022259792312979698,
  "prediction_lpips": 0.44307342171669006,
  "edge_correlation": 0.6165052517816781,
  "noise_uniformity_cov": 0.14770182967185974,
  "structure_energy": 3.013303756713867,
  "noise_energy": 2.7919998168945312,
  "synth_noise_mse": 18.500732421875,
  "synth_noise_corr": -0.0005016100279745648,
  "synth_noise_std_ratio": 0.715370237827301,
  "synth_recon_ssim": 0.9087853282519806,
  "synth_recon_lpips": 0.07725213468074799,
  "synth_param_bytes": 14
}