{
  "wavelet": "db4",
  "level": 2,
  "sigma_multiplier": 0.25,
  "threshold": 4.837481098718077,
  "sigma_est": 3.6748240187370493,
  "seed": 42,
  "subband_sigmas": [
    [
      5.360018694654661,
      5.472601822113013,
      4.766318817637769
    ],
    [
      3.5561926787703384,
      3.650804504308163,
      1.5967737050728479
    ]
  ],
  "param_bytes": 14
}